acessa_ou_ja_acessou_politicas_publicas__,municipio_ibge,count
Crédito Rural,Miranorte,13
Não,Tocantínia,13
Compra Direta (PAA),Chapada de Areia,11
Não,Guaraí,10
Não,Almas,8
Não,Pedro Afonso,8
Crédito Rural,Miranorte,8
Crédito Rural,Paranã,7
Não,Barrolândia,7
Não,Filadélfia,7
Crédito Rural,Paranã,7
Não,Piraquê,7
Não,Dianópolis,6
Não,Chapada de Areia,6
Não,Miranorte,6
Não,Nova Olinda,6
"Crédito Rural, Compra Direta (PAA)",Goiatins,5
Não,Carmolândia,5
Não,Marianópolis do Tocantins,5
"Compra Direta (PAA), Merenda Escolar (PENAE), Fomento",Nova Rosalândia,5
Bolsa Família,Carmolândia,5
Não,Tupirama,5
Não,Miracema do Tocantins,5
Crédito Rural,Pium,5
Não,Guaraí,5
Crédito Rural,Marianópolis do Tocantins,5
Bolsa Família,Ananás,5
Compra Direta (PAA),Araguaína,5
"Compra Direta (PAA), Merenda Escolar (PENAE)",Araguaína,5
"Crédito Rural, Aposentadoria Rural",Araguanã,4
Não,Ananás,4
Não,Wanderlândia,4
"Compra Direta (PAA), Merenda Escolar (PENAE)",Couto Magalhães,4
Crédito Rural,Paraíso do Tocantins,4
Não,Monte Santo do Tocantins,4
Compra Direta (PAA),Chapada da Natividade,4
Aposentadoria Rural,Caseara,4
"Compra Direta (PAA), Merenda Escolar (PENAE)",Miracema do Tocantins,4
Crédito Rural,Paraíso do Tocantins,4
Não,Paranã,4
Compra Direta (PAA),Chapada da Natividade,4
Crédito Rural,Talismã,4
Não,Rio dos Bois,4
Não,Chapada de Areia,4
Crédito Rural,Ponte Alta do Bom Jesus,4
Crédito Rural,Wanderlândia,4
Crédito Rural,Peixe,4
"Merenda Escolar (PENAE), Bolsa Família",Dianópolis,4
Crédito Rural,Gurupi,4
Não,Pium,4
Aposentadoria Rural,Xambioá,4
Não,Paraíso do Tocantins,4
"Crédito Rural, Aposentadoria Rural",Pium,3
Crédito Rural,Lajeado,3
Crédito Rural,darcinópolis,3
Crédito Rural,Chapada de Areia,3
Crédito Rural,Alvorada,3
Não,Marianópolis do Tocantins,3
Crédito Rural,Piraquê,3
Merenda Escolar (PENAE),Araguaína,3
ATER INDÍGENA,Lagoa da Confusão,3
Aposentadoria Rural,Cristalândia,3
"Crédito Rural, Compra Direta (PAA), Merenda Escolar (PENAE)",Palmeiras do Tocantins,3
Crédito Rural,Pium,3
Aposentadoria Rural,Palmas,3
Crédito Rural,Xambioá,3
Não,Filadélfia,3
Não,Rio da Conceição,3
"Compra Direta (PAA), Merenda Escolar (PENAE), Fomento",Nova Rosalândia,3
Não,Ponte Alta do Bom Jesus,3
Não,Nova Rosalândia,3
Fomento,Ananás,3
Aposentadoria Rural,Marianópolis do Tocantins,3
Crédito Rural,Divinópolis do Tocantins,3
Bolsa Família,Miranorte,3
Bolsa Família,Figueirópolis,3
Compra Direta (PAA),Divinópolis do Tocantins,3
Crédito Rural,Guaraí,3
Aposentadoria Rural,Pium,3
"Compra Direta (PAA), Merenda Escolar (PENAE), Fomento, Aposentadoria Rural",Bom Jesus do Tocantins,3
Crédito Rural,Dianópolis,3
Compra Direta (PAA),Aurora do Tocantins,3
Compra Direta (PAA),Rio Sono,3
Bolsa Família,Nova Olinda,3
"Crédito Rural, Aposentadoria Rural",Axixá do Tocantins,3
Crédito Rural,Araguanã,3
Crédito Rural,Muricilândia,3
Não,Peixe,3
Crédito Rural,Filadélfia,3
Não,Paraíso do Tocantins,3
Crédito Rural,Lagoa da Confusão,3
Não,Gurupi,3
Aposentadoria Rural,Miranorte,3
"Crédito Rural, Aposentadoria Rural",Rio Sono,3
Bolsa Família,Nova Olinda,3
Crédito Rural,Axixá do Tocantins,3
Crédito Rural,Palmeiras do Tocantins,3
"Crédito Rural, Fomento",Peixe,3
Compra Direta (PAA),Pium,3
Bolsa Família,Xambioá,3
Não,Alvorada,3
Crédito Rural,Bandeirantes do Tocantins,3
"Fomento, Bolsa Família",Nova Olinda,2
"Crédito Rural, Aposentadoria Rural",Axixá do Tocantins,2
"Compra Direta (PAA), Merenda Escolar (PENAE), Fomento",Pedro Afonso,2
"Crédito Rural, Compra Direta (PAA), Merenda Escolar (PENAE), Fomento, Bolsa Família",Palmeiras do Tocantins,2
"Compra Direta (PAA), Merenda Escolar (PENAE), Aposentadoria Rural",Palmas,2
Crédito Rural,Palmas,2
"Crédito Rural, Compra Direta (PAA)",Fortaleza do Tabocão,2
Crédito Rural,Dianópolis,2
Bolsa Família,Araguaína,2
Aposentadoria Rural,Jaú do Tocantins,2
Aposentadoria Rural,Aragominas,2
"Crédito Rural, Compra Direta (PAA)",Piraquê,2
"Compra Direta (PAA), Merenda Escolar (PENAE)",Palmeiras do Tocantins,2
Compra Direta (PAA),Ananás,2
Não,Abreulândia,2
Crédito Rural,Fortaleza do Tabocão,2
Não,Araguaína,2
"Crédito Rural, Aposentadoria Rural",dois Irmãos do Tocantins,2
Crédito Rural,Goiatins,2
Não,Araguaína,2
Aposentadoria Rural,Ananás,2
Não,Monte Santo do Tocantins,2
Crédito Rural,Cristalândia,2
"Crédito Rural, Bolsa Família",Araguanã,2
"Compra Direta (PAA), Merenda Escolar (PENAE), CONAB",Palmeiras do Tocantins,2
Não,Miranorte,2
"Crédito Rural, Aposentadoria Rural",Divinópolis do Tocantins,2
"Compra Direta (PAA), Aposentadoria Rural",Luzinópolis,2
"Compra Direta (PAA), Merenda Escolar (PENAE), Aposentadoria Rural",Dianópolis,2
Crédito Rural,Esperantina,2
Bolsa Família,Filadélfia,2
Não,Tupirama,2
Não,Gurupi,2
Compra Direta (PAA),Gurupi,2
"Crédito Rural, Compra Direta (PAA), Merenda Escolar (PENAE)",Paranã,2
"Crédito Rural, Aposentadoria Rural",Peixe,2
"Crédito Rural, Compra Direta (PAA)",Caseara,2
Não,Chapada da Natividade,2
"Compra Direta (PAA), Merenda Escolar (PENAE)",Nova Rosalândia,2
Aposentadoria Rural,Sítio Novo do Tocantins,2
Crédito Rural,Sítio Novo do Tocantins,2
Crédito Rural,Aliança do Tocantins,2
"Crédito Rural, Compra Direta (PAA), Aposentadoria Rural",Palmas,2
"Crédito Rural, Aposentadoria Rural",Xambioá,2
"Crédito Rural, Aposentadoria Rural",Gurupi,2
Não,Rio Sono,2
Crédito Rural,Caseara,2
Não,Xambioá,2
"Crédito Rural, Aposentadoria Rural",Ponte Alta do Bom Jesus,2
"Compra Direta (PAA), Merenda Escolar (PENAE)",darcinópolis,2
"Crédito Rural, PNCF",Novo Jardim,2
"Crédito Rural, Compra Direta (PAA)",Chapada de Areia,2
Não,Palmeiras do Tocantins,2
Bolsa Família,Pium,2
Não,Rio Sono,2
Crédito Rural,Santa Rita do Tocantins,2
Crédito Rural,Gurupi,2
"Crédito Rural, Bolsa Família",Monte do Carmo,2
Crédito Rural,Dianópolis,2
Fomento,São Miguel do Tocantins,2
Crédito Rural,Marianópolis do Tocantins,2
Não,Paranã,2
"Crédito Rural, Compra Direta (PAA), Merenda Escolar (PENAE)",Pugmil,2
Bolsa Família,Xambioá,2
Compra Direta (PAA),Araguaína,2
"Fomento, Bolsa Família",Paranã,2
Merenda Escolar (PENAE),São Miguel do Tocantins,2
Não,Santa Rita do Tocantins,2
"Crédito Rural, Bolsa Família",São Bento do Tocantins,2
Compra Direta (PAA),Palmeiras do Tocantins,2
Crédito Rural,Riachinho,2
Não,Xambioá,2
Bolsa Família,Tocantínia,2
"Crédito Rural, Compra Direta (PAA), Merenda Escolar (PENAE)",Miranorte,2
"Crédito Rural, Compra Direta (PAA), Merenda Escolar (PENAE), Fomento",Divinópolis do Tocantins,2
"Crédito Rural, Compra Direta (PAA), Merenda Escolar (PENAE)",Goiatins,2
Aposentadoria Rural,Esperantina,2
"Compra Direta (PAA), Merenda Escolar (PENAE), Fomento",São Miguel do Tocantins,2
"Bolsa Família, Aposentadoria Rural",Marianópolis do Tocantins,2
"Crédito Rural, Compra Direta (PAA), Merenda Escolar (PENAE), Fomento",Rio dos Bois,2
"Compra Direta (PAA), Fomento, Aposentadoria Rural",Babaçulândia,2
"Compra Direta (PAA), Bolsa Família",Miranorte,2
Aposentadoria Rural,Dianópolis,2
"Crédito Rural, Compra Direta (PAA), Bolsa Família",Rio dos Bois,2
Bolsa Família,Cristalândia,2
Crédito Rural,Monte do Carmo,2
Crédito Rural,Divinópolis do Tocantins,2
Crédito Rural,Santa Fé do Araguaia,2
Compra Direta (PAA),Nova Rosalândia,2
Crédito Rural,Miranorte,2
Crédito Rural,dois Irmãos do Tocantins,2
"Crédito Rural, Compra Direta (PAA)",Aurora do Tocantins,2
Crédito Rural,Axixá do Tocantins,2
"Compra Direta (PAA), Merenda Escolar (PENAE)",Aliança do Tocantins,2
Bolsa Família,Araguatins,2
"Crédito Rural, Compra Direta (PAA), Merenda Escolar (PENAE)",Couto Magalhães,2
Crédito Rural,Nova Olinda,2
"Compra Direta (PAA), Merenda Escolar (PENAE), Aposentadoria Rural",Caseara,2
"Crédito Rural, Aposentadoria Rural",Talismã,2
Não,Divinópolis do Tocantins,2
Aposentadoria Rural,Xambioá,2
Não,Cristalândia,2
"Crédito Rural, Compra Direta (PAA), Merenda Escolar (PENAE), Aposentadoria Rural",Gurupi,2
Aposentadoria Rural,Piraquê,2
Crédito Rural,Araguaína,2
"Crédito Rural, Compra Direta (PAA), Bolsa Família",Piraquê,2
Não,Miracema do Tocantins,2
Crédito Rural,Palmeiras do Tocantins,2
Bolsa Família,Jaú do Tocantins,2
"Compra Direta (PAA), Merenda Escolar (PENAE), Fomento",Bom Jesus do Tocantins,2
"Compra Direta (PAA), Bolsa Família",Rio dos Bois,2
Não,Araguaína,2
"Crédito Rural, Compra Direta (PAA), Merenda Escolar (PENAE), Bolsa Família",Luzinópolis,2
Não,Angico,2
"Crédito Rural, Bolsa Família",Filadélfia,2
"Crédito Rural, Compra Direta (PAA), Merenda Escolar (PENAE), CONAB",Palmeiras do Tocantins,2
"Fomento, Bolsa Família",Nova Olinda,2
"Crédito Rural, Aposentadoria Rural",Cristalândia,2
Compra Direta (PAA),Monte do Carmo,1
Bolsa Família,Porto Nacional,1
"Crédito Rural, Bolsa Família",Axixá do Tocantins,1
"Bolsa Família, Aposentadoria Rural",Ananás,1
PRONAF A,Araguaçu,1
"Crédito Rural, Compra Direta (PAA), Merenda Escolar (PENAE)",Riachinho,1
"Crédito Rural, Merenda Escolar (PENAE), Bolsa Família",Xambioá,1
"Crédito Rural, Compra Direta (PAA)",Riachinho,1
"Crédito Rural, Compra Direta (PAA)",Pium,1
"Compra Direta (PAA), Fomento, Bolsa Família",Pugmil,1
Bolsa Família,Abreulândia,1
"Crédito Rural, Bolsa Família",Lajeado,1
"Crédito Rural, Aposentadoria Rural",Ipueiras,1
Não,Miracema do Tocantins,1
Não,Silvanópolis,1
"Crédito Rural, Bolsa Família",Axixá do Tocantins,1
Fomento,Monte do Carmo,1
Compra Direta (PAA),Araguanã,1
"Compra Direta (PAA), Fomento",Nova Rosalândia,1
Aposentadoria Rural,Cristalândia,1
Compra Direta (PAA),darcinópolis,1
"Crédito Rural, PNCF",Novo Jardim,1
"Crédito Rural, Compra Direta (PAA)",Chapada de Areia,1
Fomento,Araguaína,1
Não,Pugmil,1
"Compra Direta (PAA), Bolsa Família, Aposentadoria Rural",Almas,1
Compra Direta (PAA),Palmeirópolis,1
"Crédito Rural, Compra Direta (PAA), Merenda Escolar (PENAE), Aposentadoria Rural",Divinópolis do Tocantins,1
"Compra Direta (PAA), Merenda Escolar (PENAE), Bolsa Família",Gurupi,1
CAF,Monte do Carmo,1
Crédito Rural,Barrolândia,1
Compra Direta (PAA),Luzinópolis,1
"Compra Direta (PAA), Bolsa Família",Araguaína,1
Não,Miracema do Tocantins,1
"Crédito Rural, Aposentadoria Rural",Monte Santo do Tocantins,1
"Compra Direta (PAA), Merenda Escolar (PENAE), Bolsa Família",Palmeiras do Tocantins,1
"Crédito Rural, Aposentadoria Rural",Almas,1
Aposentadoria Rural,Marianópolis do Tocantins,1
Não,Dianópolis,1
Aposentadoria Rural,Talismã,1
Compra Direta (PAA),Miracema do Tocantins,1
Crédito Rural,Novo Jardim,1
"Compra Direta (PAA), Merenda Escolar (PENAE)",Fortaleza do Tabocão,1
Compra Direta (PAA),Dianópolis,1
"Crédito Rural, Compra Direta (PAA), Merenda Escolar (PENAE), Fomento",Barrolândia,1
Crédito Rural,Palmeirópolis,1
"Crédito Rural, Compra Direta (PAA), Aposentadoria Rural",Miranorte,1
Não,Dianópolis,1
Programa Quintal Verde,Aliança do Tocantins,1
Crédito Rural,Abreulândia,1
"Crédito Rural, Bolsa Família, Aposentadoria Rural",Pium,1
"Compra Direta (PAA), Merenda Escolar (PENAE), PNCF",Novo Jardim,1
Não,Paraíso do Tocantins,1
"Compra Direta (PAA), Merenda Escolar (PENAE), Aposentadoria Rural",Guaraí,1
Fomento,Sítio Novo do Tocantins,1
"Crédito Rural, Compra Direta (PAA), Merenda Escolar (PENAE), CONAB",Palmeiras do Tocantins,1
"Merenda Escolar (PENAE), Bolsa Família",Caseara,1
Crédito Rural,Aparecida do Rio Negro,1
Bolsa Família,Babaçulândia,1
Não,Monte Santo do Tocantins,1
"Crédito Rural, Compra Direta (PAA)",Guaraí,1
"Compra Direta (PAA), Fomento",Silvanópolis,1
"Crédito Rural, Compra Direta (PAA), Merenda Escolar (PENAE)",Guaraí,1
"Crédito Rural, Compra Direta (PAA), Merenda Escolar (PENAE), Aposentadoria Rural",Angico,1
Bolsa Família,Carmolândia,1
Bolsa Família,Almas,1
"Bolsa Família, PENSÃO INSS",Marianópolis do Tocantins,1
Não,Wanderlândia,1
"Merenda Escolar (PENAE), Fomento, Bolsa Família",Sítio Novo do Tocantins,1
"Compra Direta (PAA), Merenda Escolar (PENAE)",Crixás do Tocantins,1
ATER INGENA,Lagoa da Confusão,1
Não,Figueirópolis,1
Bolsa Família,Caseara,1
"Crédito Rural, Compra Direta (PAA), Fomento",Tupirama,1
"Crédito Rural, Bolsa Família",Filadélfia,1
Não,Caseara,1
"Compra Direta (PAA), Merenda Escolar (PENAE)",Palmas,1
"Crédito Rural, Aposentadoria Rural",Gurupi,1
Fomento,Miracema do Tocantins,1
"Crédito Rural, Compra Direta (PAA), Merenda Escolar (PENAE), Fomento, Bolsa Família, Aposentadoria Rural",Novo Acordo,1
"Crédito Rural, Compra Direta (PAA), Merenda Escolar (PENAE)",Dianópolis,1
"Merenda Escolar (PENAE), Aposentadoria Rural",Araguaína,1
"Crédito Rural, Bolsa Família",Marianópolis do Tocantins,1
Não,Nova Olinda,1
"Merenda Escolar (PENAE), Bolsa Família",Araguaína,1
"Crédito Rural, Aposentadoria Rural",Chapada da Natividade,1
"Merenda Escolar (PENAE), Aposentadoria Rural",Couto Magalhães,1
"Crédito Rural, Compra Direta (PAA), Fomento, Aposentadoria Rural",Santa Maria do Tocantins,1
"Compra Direta (PAA), Aposentadoria Rural",Miracema do Tocantins,1
Compra Direta (PAA),Ipueiras,1
Fomento,Porto Nacional,1
"Crédito Rural, Compra Direta (PAA), Merenda Escolar (PENAE), Fomento, Aposentadoria Rural",Couto Magalhães,1
"Bolsa Família, Aposentadoria Rural",Nova Olinda,1
Não,Palmeirópolis,1
"Compra Direta (PAA), Merenda Escolar (PENAE)",dois Irmãos do Tocantins,1
"Bolsa Família, Aposentadoria Rural",dois Irmãos do Tocantins,1
"Compra Direta (PAA), Merenda Escolar (PENAE), Fomento",Santa Maria do Tocantins,1
Bolsa Família,Bom Jesus do Tocantins,1
Compra Direta (PAA),Chapada de Areia,1
"Compra Direta (PAA), Aposentadoria Rural",dois Irmãos do Tocantins,1
"Crédito Rural, Compra Direta (PAA)",Palmeirópolis,1
"Compra Direta (PAA), Aposentadoria Rural",Almas,1
Compra Direta (PAA),Araguatins,1
Não,Colméia,1
"Crédito Rural, Compra Direta (PAA), Merenda Escolar (PENAE), Bolsa Família",Colméia,1
"Compra Direta (PAA), Merenda Escolar (PENAE), Fomento",Bom Jesus do Tocantins,1
Crédito Rural,Paranã,1
"Compra Direta (PAA), Merenda Escolar (PENAE), Fomento",Novo Acordo,1
"Crédito Rural, Compra Direta (PAA), Merenda Escolar (PENAE)",Dianópolis,1
Não,,1
"Compra Direta (PAA), Bolsa Família",Babaçulândia,1
Aposentadoria Rural,Fátima,1
"Crédito Rural, Compra Direta (PAA), Merenda Escolar (PENAE), Fomento",Paraíso do Tocantins,1
"Aposentadoria Rural, BPC",Cristalândia,1
"Crédito Rural, Compra Direta (PAA), Merenda Escolar (PENAE), Fomento",Esperantina,1
"Compra Direta (PAA), Merenda Escolar (PENAE), Fomento, Bolsa Família",,1
"Crédito Rural, Compra Direta (PAA), Merenda Escolar (PENAE), Bolsa Família",Dianópolis,1
Compra Direta (PAA),Santa Fé do Araguaia,1
Compra Direta (PAA),Silvanópolis,1
Não,Divinópolis do Tocantins,1
"Crédito Rural, Aposentadoria Rural",Itaguatins,1
"Crédito Rural, Compra Direta (PAA), Merenda Escolar (PENAE), Bolsa Família, Aposentadoria Rural",Nova Olinda,1
"Compra Direta (PAA), Fomento, Bolsa Família",Talismã,1
"Crédito Rural, Fomento",Bandeirantes do Tocantins,1
"Compra Direta (PAA), Merenda Escolar (PENAE)",São Salvador do Tocantins,1
"Crédito Rural, ATER",darcinópolis,1
"Compra Direta (PAA), Bolsa Família",Riachinho,1
"Crédito Rural, Compra Direta (PAA), Merenda Escolar (PENAE)",Palmeiras do Tocantins,1
Bolsa Família,Dianópolis,1
"Compra Direta (PAA), Merenda Escolar (PENAE)",Nova Olinda,1
Crédito Rural,Barrolândia,1
"Crédito Rural, Compra Direta (PAA), Merenda Escolar (PENAE)",Filadélfia,1
"Crédito Rural, Compra Direta (PAA)",Santa Fé do Araguaia,1
"Compra Direta (PAA), Bolsa Família",Ananás,1
Não,Monte Santo do Tocantins,1
Bolsa Família,Silvanópolis,1
Não,Alvorada,1
Crédito Rural,Monte do Carmo,1
Compra Direta (PAA),Araguaçu,1
Não,Colméia,1
"Compra Direta (PAA), Aposentadoria Rural",Praia Norte,1
Não,Barrolândia,1
Agente saúde,São Salvador do Tocantins,1
"Compra Direta (PAA), Bolsa Família",Nova Rosalândia,1
Crédito Rural,Rio Sono,1
Crédito Rural,Barrolândia,1
"Compra Direta (PAA), Merenda Escolar (PENAE), Bolsa Família",dois Irmãos do Tocantins,1
"Compra Direta (PAA), Merenda Escolar (PENAE), Aposentadoria Rural",Tupirama,1
Crédito Rural,Dueré,1
Crédito Rural,Monte Santo do Tocantins,1
"Fomento, Aposentadoria Rural",Axixá do Tocantins,1
"Crédito Rural, Merenda Escolar (PENAE), Fomento, Bolsa Família",Nova Olinda,1
"Crédito Rural, Compra Direta (PAA), Merenda Escolar (PENAE)",dois Irmãos do Tocantins,1
"Compra Direta (PAA), Merenda Escolar (PENAE), Aposentadoria Rural",Dianópolis,1
Não,Novo Jardim,1
PENSÃO,Marianópolis do Tocantins,1
"Crédito Rural, Compra Direta (PAA), Aposentadoria Rural",Sucupira,1
"Compra Direta (PAA), Merenda Escolar (PENAE), CONAB",darcinópolis,1
Crédito Rural,Axixá do Tocantins,1
LOA,Nova Olinda,1
Crédito Rural,São Salvador do Tocantins,1
"Compra Direta (PAA), Merenda Escolar (PENAE), Bolsa Família",Aparecida do Rio Negro,1
Aposentadoria Rural,São Salvador do Tocantins,1
"Crédito Rural, Bolsa Família",Miranorte,1
Aposentadoria Rural,Araguaçu,1
"Crédito Rural, Compra Direta (PAA), Aposentadoria Rural",Araguatins,1
"Crédito Rural, Compra Direta (PAA), Merenda Escolar (PENAE)",Paranã,1
"Crédito Rural, Compra Direta (PAA), Merenda Escolar (PENAE), Aposentadoria Rural",Dianópolis,1
Não,Dueré,1
APOSENTADORIA POR INVALIDEZ,Paraíso do Tocantins,1
APOSENTADORIA POR INVALIDADE,Santa Fé do Araguaia,1
Crédito Rural,Sucupira,1
Não,Paraíso do Tocantins,1
Compra Direta (PAA),Divinópolis do Tocantins,1
Bolsa Família,Gurupi,1
"Crédito Rural, Compra Direta (PAA), Merenda Escolar (PENAE), Aposentadoria Rural",Dianópolis,1
Não,Fátima,1
"Crédito Rural, Merenda Escolar (PENAE), Aposentadoria Rural",Bandeirantes do Tocantins,1
Não,Angico,1
"Crédito Rural, Bolsa Família",Nova Olinda,1
"Crédito Rural, Aposentadoria Rural",Xambioá,1
Crédito Rural,Santa Maria do Tocantins,1
"Crédito Rural, Compra Direta (PAA), Merenda Escolar (PENAE), Bolsa Família",Colméia,1
Aposentadoria Rural,Araguaína,1
"Aposentadoria Rural, Aposentadoria INSS",Gurupi,1
"Merenda Escolar (PENAE), Bolsa Família, Aposentadoria Rural, Oportunidade",Araguaína,1
"Compra Direta (PAA), Bolsa Família",Pedro Afonso,1
Aposentadoria Rural,Fátima,1
"Crédito Rural, Bolsa Família",dois Irmãos do Tocantins,1
"Crédito Rural, Aposentadoria Rural",dois Irmãos do Tocantins,1
"Compra Direta (PAA), Aposentadoria Rural, PENSÃO POR MORTE",Nova Olinda,1
"Não, Compra Direta (PAA), Bolsa Família",Nova Olinda,1
Não,Dianópolis,1
"Crédito Rural, Bolsa Família",Santa Fé do Araguaia,1
"Compra Direta (PAA), Merenda Escolar (PENAE), Bolsa Família",Dianópolis,1
"Crédito Rural, Compra Direta (PAA), Merenda Escolar (PENAE), Fomento, Bolsa Família",dois Irmãos do Tocantins,1
"Crédito Rural, Compra Direta (PAA), Aposentadoria Rural",Rio Sono,1
"Compra Direta (PAA), Aposentadoria Rural",Caseara,1
"Compra Direta (PAA), Merenda Escolar (PENAE), Aposentadoria Rural",Gurupi,1
"Crédito Rural, Compra Direta (PAA)",Figueirópolis,1
"Crédito Rural, Compra Direta (PAA), Bolsa Família",Paranã,1
Crédito Rural,Itaguatins,1
Compra Direta (PAA),Fátima,1
Crédito Rural,Fátima,1
"Compra Direta (PAA), Merenda Escolar (PENAE), Fomento, Bolsa Família, CONAB",Palmeiras do Tocantins,1
Crédito Rural,Lagoa da Confusão,1
"Merenda Escolar (PENAE), Bolsa Família",Araguaína,1
Bolsa Família,Divinópolis do Tocantins,1
"Compra Direta (PAA), Merenda Escolar (PENAE), Aposentadoria Rural",Lajeado,1
"Compra Direta (PAA), Aposentadoria Rural",Chapada de Areia,1
"Crédito Rural, Compra Direta (PAA), Merenda Escolar (PENAE)",dois Irmãos do Tocantins,1
Bolsa Família,Novo Acordo,1
Aposentadoria Rural,Santa Fé do Araguaia,1
"Crédito Rural, Compra Direta (PAA), Merenda Escolar (PENAE), Aposentadoria Rural",Palmeiras do Tocantins,1
Bolsa Família,Cristalândia,1
"Crédito Rural, Aposentadoria Rural",Muricilândia,1
Crédito Rural,Pedro Afonso,1
"Crédito Rural, Compra Direta (PAA), Aposentadoria Rural",Axixá do Tocantins,1
Crédito Rural,Miracema do Tocantins,1
"Crédito Rural, Bolsa Família, Aposentadoria Rural",Itaguatins,1
Não,Ananás,1
"Compra Direta (PAA), Merenda Escolar (PENAE), AUXILIO DOENÇA",Almas,1
Bolsa Família,Esperantina,1
Bolsa Família,Talismã,1
"Compra Direta (PAA), Merenda Escolar (PENAE), Bolsa Família",Araguatins,1
Não,Novo Jardim,1
"Compra Direta (PAA), Merenda Escolar (PENAE), Aposentadoria Rural",Crixás do Tocantins,1
"Compra Direta (PAA), Fomento, Aposentadoria Rural",Babaçulândia,1
"Crédito Rural, Compra Direta (PAA), Merenda Escolar (PENAE)",Bom Jesus do Tocantins,1
"Crédito Rural, Compra Direta (PAA), Merenda Escolar (PENAE), Fomento, Bolsa Família",dois Irmãos do Tocantins,1
"Crédito Rural, AUXILIO DOENÇA",Filadélfia,1
"Compra Direta (PAA), Merenda Escolar (PENAE)",Caseara,1
Compra Direta (PAA),Figueirópolis,1
CAF,Caseara,1
Bolsa Família,Silvanópolis,1
Compra Direta (PAA),Axixá do Tocantins,1
Compra Direta (PAA),Porto Nacional,1
Crédito Rural,Sucupira,1
Compra Direta (PAA),Babaçulândia,1
"Crédito Rural, Compra Direta (PAA), Merenda Escolar (PENAE), Aposentadoria Rural",Lajeado,1
Não,Aragominas,1
Crédito Rural,Almas,1
"Crédito Rural, Compra Direta (PAA), Merenda Escolar (PENAE), Aposentadoria Rural",Santa Terezinha do Tocantins,1
Compra Direta (PAA),Talismã,1
Não,Araguanã,1
Crédito Rural,Aragominas,1
Crédito Rural,Nova Rosalândia,1
CONAB,Santa Terezinha do Tocantins,1
Bolsa Família,Araguanã,1
Crédito Rural,Ponte Alta do Bom Jesus,1
Compra Direta (PAA),Caseara,1
Não,Sítio Novo do Tocantins,1
Fomento,Ipueiras,1
"Bolsa Família, DEFESO",Filadélfia,1
"Merenda Escolar (PENAE), Aposentadoria Rural",Guaraí,1
Não,Sítio Novo do Tocantins,1
Não,São Bento do Tocantins,1
"Crédito Rural, Merenda Escolar (PENAE)",São Miguel do Tocantins,1
"Compra Direta (PAA), Merenda Escolar (PENAE), Bolsa Família",Dianópolis,1
"Crédito Rural, Compra Direta (PAA), Merenda Escolar (PENAE), Bolsa Família",dois Irmãos do Tocantins,1
"Crédito Rural, Aposentadoria Rural",Monte Santo do Tocantins,1
Compra Direta (PAA),Colméia,1
Bolsa Família,Wanderlândia,1
"Crédito Rural, Bolsa Família",Paraíso do Tocantins,1
"Crédito Rural, Aposentadoria Rural",Araguaçu,1
"Crédito Rural, Compra Direta (PAA)",Ponte Alta do Bom Jesus,1
"Crédito Rural, Fomento",Palmeiras do Tocantins,1
Não,Lagoa da Confusão,1
Crédito Rural,Axixá do Tocantins,1
APOSENTADORIA RURAL,Chapada da Natividade,1
"Crédito Rural, Compra Direta (PAA)",Axixá do Tocantins,1
Aposentadoria Rural,Chapada da Natividade,1
"Compra Direta (PAA), Merenda Escolar (PENAE)",Caseara,1
"Crédito Rural, Aposentadoria Rural",Sítio Novo do Tocantins,1
"Merenda Escolar (PENAE), Bolsa Família",Miranorte,1
Não,Ipueiras,1
Compra Direta (PAA),Guaraí,1
"CAF , CAR.",Paranã,1
"Compra Direta (PAA), Merenda Escolar (PENAE), Bolsa Família",Araguanã,1
"Compra Direta (PAA), Merenda Escolar (PENAE), Fomento, Bolsa Família",Palmeiras do Tocantins,1
"Crédito Rural, Compra Direta (PAA), Merenda Escolar (PENAE), Bolsa Família",Ponte Alta do Bom Jesus,1
Não,Almas,1
"Crédito Rural, Compra Direta (PAA), Merenda Escolar (PENAE), Bolsa Família",dois Irmãos do Tocantins,1
Bolsa Família,Aragominas,1
Bolsa Família,Dueré,1
"Crédito Rural, Compra Direta (PAA), Merenda Escolar (PENAE)",Divinópolis do Tocantins,1
"Crédito Rural, Aposentadoria Rural",Divinópolis do Tocantins,1
Compra Direta (PAA),Guaraí,1
CAF,Silvanópolis,1
Crédito Rural,Santa Fé do Araguaia,1
"Compra Direta (PAA), Merenda Escolar (PENAE)",Riachinho,1
FOMENTO,Palmeiras do Tocantins,1
"Crédito Rural, Aposentadoria Rural",Paraíso do Tocantins,1
Não,Dianópolis,1
"Compra Direta (PAA), Bolsa Família",Rio Sono,1
"Compra Direta (PAA), Fomento",,1
"Crédito Rural, Aposentadoria Rural",Lajeado,1
Crédito Rural,Caseara,1
"Compra Direta (PAA), Merenda Escolar (PENAE), Fomento",Abreulândia,1
ATER NORMAL,darcinópolis,1
"Crédito Rural, Bolsa Família",Divinópolis do Tocantins,1
Aposentadoria Rural,Chapada de Areia,1
"Crédito Rural, Compra Direta (PAA), Fomento, Aposentadoria Rural",Talismã,1
"Crédito Rural, Fomento, Aposentadoria Rural",Porto Alegre do Tocantins,1
"Crédito Rural, Compra Direta (PAA), Merenda Escolar (PENAE)",Araguaçu,1
"Crédito Rural, Compra Direta (PAA), Merenda Escolar (PENAE)",Araguatins,1
"Fomento, Bolsa Família",Lajeado,1
"Crédito Rural, Compra Direta (PAA)",Sucupira,1
Crédito Rural,Araguaína,1
Não,Paranã,1
"Crédito Rural, PRONAF",Sucupira,1
"Compra Direta (PAA), Fomento",Palmeirópolis,1
Compra Direta (PAA),Alvorada,1
"Crédito Rural, Compra Direta (PAA), Merenda Escolar (PENAE)",Paraíso do Tocantins,1
"Crédito Rural, Compra Direta (PAA), Merenda Escolar (PENAE)",Luzinópolis,1
"Não, ATER",Palmeiras do Tocantins,1
"Não, Crédito Rural",Paranã,1
Aposentadoria Rural,Ipueiras,1
Não,Miranorte,1
"Crédito Rural, Compra Direta (PAA)",Talismã,1
Compra Direta (PAA),Porto Nacional,1
"Compra Direta (PAA), Merenda Escolar (PENAE)",Dianópolis,1
Bolsa Família,Rio Sono,1
Não,Barrolândia,1
"Crédito Rural, Bolsa Família",Talismã,1
"Crédito Rural, Compra Direta (PAA), Merenda Escolar (PENAE)",Alvorada,1
Aposentadoria Rural,Rio dos Bois,1
"Compra Direta (PAA), Merenda Escolar (PENAE), Bolsa Família",Palmas,1
"Crédito Rural, Compra Direta (PAA)",Miracema do Tocantins,1
Crédito Rural,Abreulândia,1
Crédito Rural,Aguiarnópolis,1
"Bolsa Família, MAIS AMLIMENTO",Aragominas,1
Crédito Rural,Novo Acordo,1
"Fomento, Bolsa Família",Palmas,1
"Crédito Rural, Compra Direta (PAA), Fomento",Axixá do Tocantins,1
"Compra Direta (PAA), Aposentadoria Rural",Caseara,1
Crédito Rural,Monte Santo do Tocantins,1
Aposentadoria Rural,Aurora do Tocantins,1
"Crédito Rural, Fomento, Aposentadoria Rural",Peixe,1
"Crédito Rural, Compra Direta (PAA)",Riachinho,1
"Fomento, Bolsa Família",Aragominas,1
Não,Almas,1
"Crédito Rural, Bolsa Família",Ponte Alta do Bom Jesus,1
"Crédito Rural, Aposentadoria Rural",Dueré,1
"Crédito Rural, Aposentadoria Rural",Jaú do Tocantins,1
Compra Direta (PAA),Cariri do Tocantins,1
CREDITO FUNDIARIO,Paraíso do Tocantins,1
Merenda Escolar (PENAE),Colméia,1
Não,Dueré,1
"Crédito Rural, CADASTRO AMBIENTAL RURAL",dois Irmãos do Tocantins,1
"Compra Direta (PAA), Merenda Escolar (PENAE), Bolsa Família",Rio Sono,1
Crédito Rural,Couto Magalhães,1
"Crédito Rural, Compra Direta (PAA), Bolsa Família, Aposentadoria Rural",Caseara,1
Não,Angico,1
"Compra Direta (PAA), Merenda Escolar (PENAE)",Palmeiras do Tocantins,1
Bolsa Família,Monte do Carmo,1
Crédito Rural,Aragominas,1
"Não, Bolsa Família",Miranorte,1
"Bolsa Família, Aposentadoria Rural, Aposento por Incapacidade Permamente",Marianópolis do Tocantins,1
Fomento,Palmeiras do Tocantins,1
Aposentadoria Rural,Pedro Afonso,1
"Crédito Rural, Compra Direta (PAA), Fomento, Bolsa Família, Aposentadoria Rural",dois Irmãos do Tocantins,1
"Crédito Rural, Aposentadoria Rural",Xambioá,1
Não,dois Irmãos do Tocantins,1
"Bolsa Família, Aposentadoria Rural",Aragominas,1
Não,Gurupi,1
Crédito Rural,Silvanópolis,1
Não,Fortaleza do Tabocão,1
"Crédito Rural, Bolsa Família",Xambioá,1
Crédito Rural,Barrolândia,1
"Crédito Rural, Compra Direta (PAA)",Monte Santo do Tocantins,1
"Crédito Rural, Compra Direta (PAA)",Divinópolis do Tocantins,1
Bolsa Família,Pium,1
Merenda Escolar (PENAE),Alvorada,1
Aposentadoria Rural,Rio Sono,1
Crédito Rural,Porto Nacional,1
Crédito Rural,Dianópolis,1
Aposentadoria Rural,Axixá do Tocantins,1
"Crédito Rural, Compra Direta (PAA)",Monte Santo do Tocantins,1
"Compra Direta (PAA), Bolsa Família",Xambioá,1
Crédito Rural,Aliança do Tocantins,1
Não,Fátima,1
"Crédito Rural, PENSÃO",Marianópolis do Tocantins,1
Merenda Escolar (PENAE),Santa Terezinha do Tocantins,1
"Crédito Rural, Compra Direta (PAA), Merenda Escolar (PENAE)",Paraíso do Tocantins,1
AUXILIO DOENÇA,Filadélfia,1
"Crédito Rural, Aposentadoria Rural",Cristalândia,1
"Compra Direta (PAA), Aposentadoria Rural",Babaçulândia,1
"Compra Direta (PAA), Merenda Escolar (PENAE), Bolsa Família",Pedro Afonso,1
Bolsa Família,Dianópolis,1
Não,Piraquê,1
"Crédito Rural, Compra Direta (PAA), Merenda Escolar (PENAE), Fomento, Aposentadoria Rural",Santa Fé do Araguaia,1
"Fomento, Bolsa Família",Porto Alegre do Tocantins,1
"Crédito Rural, Aposentadoria Rural",Dianópolis,1
"Crédito Rural, Aposentadoria Rural",Paranã,1
PENSÃO POR MORTE,Pium,1
Bolsa Família,Filadélfia,1
"Crédito Rural, Bolsa Família",Esperantina,1
Bpc filho deficiente,Xambioá,1
Não,Palmas,1
Crédito Rural,Silvanópolis,1
Crédito Rural,,1
"Crédito Rural, Aposentadoria Rural",Santa Terezinha do Tocantins,1
"Crédito Rural, Compra Direta (PAA), Fomento, Aposentadoria Rural",Bandeirantes do Tocantins,1
"Compra Direta (PAA), Fomento",Cariri do Tocantins,1
Não,Miracema do Tocantins,1
"Crédito Rural, Compra Direta (PAA)",Araguanã,1
"Crédito Rural, Compra Direta (PAA), Aposentadoria Rural",Nova Olinda,1
"Crédito Rural, Compra Direta (PAA), Merenda Escolar (PENAE), Bolsa Família",Dianópolis,1
"Crédito Rural, Compra Direta (PAA), Merenda Escolar (PENAE)",Luzinópolis,1
Não,Araguanã,1
"Compra Direta (PAA), CONAB",Palmeiras do Tocantins,1
Fomento,Chapada da Natividade,1
"Crédito Rural, Bolsa Família",Rio Sono,1
Não,Talismã,1
"Crédito Rural, Compra Direta (PAA)",Marianópolis do Tocantins,1
"Crédito Rural, Compra Direta (PAA), Merenda Escolar (PENAE), Bolsa Família",Angico,1
"Crédito Rural, Compra Direta (PAA), Fomento, Aposentadoria Rural",Peixe,1
CAF,Porto Alegre do Tocantins,1
"Compra Direta (PAA), Merenda Escolar (PENAE), Aposentadoria Rural",Dianópolis,1
"Compra Direta (PAA), Merenda Escolar (PENAE), Bolsa Família",dois Irmãos do Tocantins,1
Não,Figueirópolis,1
"Compra Direta (PAA), Bolsa Família",Marianópolis do Tocantins,1
CID:H54.0,Tocantínia,1
Não,Miracema do Tocantins,1
Crédito Rural,Pium,1
Bolsa Família,Aragominas,1
"Crédito Rural, Bolsa Família",Aragominas,1
Aposentadoria Rural,Peixe,1
"Crédito Rural, Aposentadoria Rural",Fátima,1
Não,Talismã,1
"Compra Direta (PAA), Merenda Escolar (PENAE)",Itaporã do Tocantins,1
"Crédito Rural, Aposentadoria Rural",Palmas,1
Aposentadoria Rural,Crixás do Tocantins,1
Merenda Escolar (PENAE),Monte Santo do Tocantins,1
Crédito Rural,Filadélfia,1
"Crédito Rural, Compra Direta (PAA), Merenda Escolar (PENAE)",Rio dos Bois,1
"Crédito Rural, Compra Direta (PAA), Merenda Escolar (PENAE)",Ponte Alta do Bom Jesus,1
"Bolsa Família, Aposentadoria Rural",Cristalândia,1
"Compra Direta (PAA), Bolsa Família",Rio Sono,1
Crédito Rural,Lagoa da Confusão,1
"Compra Direta (PAA), Merenda Escolar (PENAE)",Abreulândia,1
Não,Silvanópolis,1
Não,São Miguel do Tocantins,1
"Crédito Rural, Bolsa Família",Cristalândia,1
Crédito Rural,Xambioá,1
Aposentadoria Rural,Cristalândia,1
Não,Sítio Novo do Tocantins,1
Crédito Rural,Aliança do Tocantins,1
Aposentadoria Rural,Filadélfia,1
Crédito Rural,dois Irmãos do Tocantins,1
"Crédito Rural, Compra Direta (PAA)",Paranã,1
"Compra Direta (PAA), Merenda Escolar (PENAE)",Centenário,1
Não,Ananás,1
"Crédito Rural, Compra Direta (PAA)",Figueirópolis,1
"Crédito Rural, Compra Direta (PAA), Merenda Escolar (PENAE), Fomento",São Miguel do Tocantins,1
"Crédito Rural,",Paranã,1
"Crédito Rural, Compra Direta (PAA), Aposentadoria Rural",Divinópolis do Tocantins,1
"Crédito Rural, Aposentadoria Rural",Filadélfia,1
"Crédito Rural, Compra Direta (PAA)",Pugmil,1
Não,Rio da Conceição,1
Compra Direta (PAA),darcinópolis,1
Crédito Rural,Chapada de Areia,1
"Compra Direta (PAA), Merenda Escolar (PENAE), Bolsa Família",Paranã,1
"Crédito Rural, Compra Direta (PAA)",Talismã,1
"Crédito Rural, Compra Direta (PAA), Merenda Escolar (PENAE)",Divinópolis do Tocantins,1
"Crédito Rural, Compra Direta (PAA), Aposentadoria Rural",Talismã,1
"Crédito Rural, Compra Direta (PAA), Merenda Escolar (PENAE), Fomento",Divinópolis do Tocantins,1
"Crédito Rural, Compra Direta (PAA), Merenda Escolar (PENAE), Bolsa Família",Sítio Novo do Tocantins,1
Não,Bom Jesus do Tocantins,1
Fomento,Divinópolis do Tocantins,1
"Compra Direta (PAA), Merenda Escolar (PENAE)",Araguaína,1
Fomento,Araguaína,1
"Compra Direta (PAA), Merenda Escolar (PENAE), Aposentadoria Rural",Colméia,1
"Crédito Rural, Fomento",Divinópolis do Tocantins,1
"Crédito Rural, Aposentadoria Rural",Pedro Afonso,1
"Crédito Rural, Fomento",Axixá do Tocantins,1
Crédito Rural,Cariri do Tocantins,1
"Crédito Rural, Compra Direta (PAA), Aposentadoria Rural",dois Irmãos do Tocantins,1
"Crédito Rural, Aposentadoria Rural",Filadélfia,1
"Crédito Rural, Bolsa Família",Ponte Alta do Bom Jesus,1
Crédito Rural,Santa Fé do Araguaia,1
Crédito Rural,Rio Sono,1
Aposentadoria Rural,Itaguatins,1
Não,Aguiarnópolis,1
"Compra Direta (PAA), Merenda Escolar (PENAE), Fomento",Caseara,1
"Crédito Rural, Compra Direta (PAA), Merenda Escolar (PENAE), Aposentadoria Rural",Palmeiras do Tocantins,1
Crédito Rural,Santa Fé do Araguaia,1
"Bolsa Família, Aposentadoria Rural",Pium,1
Não,Caseara,1
Bolsa Família,Dianópolis,1
"Crédito Rural, Aposentadoria Rural",dois Irmãos do Tocantins,1
Crédito Rural,Itaguatins,1
"Merenda Escolar (PENAE), Bolsa Família, SEGURO DEFESO",Palmeiras do Tocantins,1
"Crédito Rural, Compra Direta (PAA)",Araguanã,1
"Compra Direta (PAA), Merenda Escolar (PENAE), Aposentadoria Rural",Barrolândia,1
Não,Araguaçu,1
"Crédito Rural, Compra Direta (PAA), Merenda Escolar (PENAE)",Itaporã do Tocantins,1
Aposentadoria Rural,Dianópolis,1
"Compra Direta (PAA), Aposentadoria Rural",Caseara,1
Crédito Rural,Talismã,1
"Crédito Rural, Aposentadoria Rural",Silvanópolis,1
"Crédito Rural, Bolsa Família",Rio dos Bois,1
Bolsa Família,Cristalândia,1
Não,Sítio Novo do Tocantins,1
"Compra Direta (PAA), Bolsa Família",Xambioá,1
Merenda Escolar (PENAE),Colméia,1
Crédito Rural,Almas,1
"Crédito Rural, Fomento, Aposentadoria Rural",Xambioá,1
"Crédito Rural, Compra Direta (PAA)",Rio dos Bois,1
Aposentadoria Rural,Dianópolis,1
Bolsa Família,Cristalândia,1
Bolsa Família,Silvanópolis,1
Não,São Salvador do Tocantins,1
"Compra Direta (PAA), Merenda Escolar (PENAE)",Piraquê,1
"Compra Direta (PAA), Merenda Escolar (PENAE), Fomento",Palmeiras do Tocantins,1
"Compra Direta (PAA), Merenda Escolar (PENAE), Fomento",Tupirama,1
Crédito Rural,Divinópolis do Tocantins,1
Bolsa Família,Novo Jardim,1
"Compra Direta (PAA), Merenda Escolar (PENAE)",Araguatins,1
"Crédito Rural, Fomento",Miranorte,1
Não,Miracema do Tocantins,1
"Crédito Rural, Compra Direta (PAA)",Babaçulândia,1
"Compra Direta (PAA), Merenda Escolar (PENAE), Bolsa Família",Paranã,1
"Compra Direta (PAA), Aposentadoria Rural",Aliança do Tocantins,1
"Compra Direta (PAA), Merenda Escolar (PENAE)",Santa Maria do Tocantins,1
"Crédito Rural, Compra Direta (PAA)",Muricilândia,1
"Compra Direta (PAA), Fomento, Bolsa Família",Ananás,1
"Crédito Rural, Merenda Escolar (PENAE)",Araguanã,1
PENSAO DOENÇA,Silvanópolis,1
Crédito Rural,Cachoeirinha,1
"Crédito Rural, Aposentadoria Rural",Novo Jardim,1
"Compra Direta (PAA), Merenda Escolar (PENAE)",Pugmil,1
Crédito Rural,Paraíso do Tocantins,1
Aposentadoria Rural,Caseara,1
"Crédito Rural, Fomento",Axixá do Tocantins,1
"Crédito Rural, Compra Direta (PAA)",Rio da Conceição,1
Merenda Escolar (PENAE),Pium,1
"Crédito Rural, Compra Direta (PAA)",Figueirópolis,1
Crédito Rural,Axixá do Tocantins,1
Bolsa Família,Monte do Carmo,1
Bolsa Família,Monte Santo do Tocantins,1
Bolsa Família,Filadélfia,1
Bolsa Família,São Bento do Tocantins,1
Fomento,Cariri do Tocantins,1
Compra Direta (PAA),Babaçulândia,1
Fomento Tocantins,Filadélfia,1
Bolsa Família,Muricilândia,1
Não,Cristalândia,1
Aposentadoria Rural,Cariri do Tocantins,1
Bolsa Família,Piraquê,1
Compra Direta (PAA),Nova Rosalândia,1
Bolsa Família,Dianópolis,1
"Compra Direta (PAA), Fomento",Araguaína,1
"Compra Direta (PAA), Bolsa Família",Piraquê,1
"Crédito Rural, Aposentadoria Rural",Cariri do Tocantins,1
Aposentadoria Rural,Angico,1
Crédito Rural,Rio da Conceição,1
Não,Babaçulândia,1
"Compra Direta (PAA), Merenda Escolar (PENAE)",São Bento do Tocantins,1
"Crédito Rural, Compra Direta (PAA), Merenda Escolar (PENAE)",Rio da Conceição,1
"Crédito Rural, Compra Direta (PAA), Aposentadoria Rural",Silvanópolis,1
"Crédito Rural, Fomento, Bolsa Família",Filadélfia,1
Crédito Rural,Axixá do Tocantins,1
Crédito Rural,Wanderlândia,1
Não,Praia Norte,1
"Crédito Rural, Compra Direta (PAA), Merenda Escolar (PENAE)",Fortaleza do Tabocão,1
"Compra Direta (PAA), Fomento, Bolsa Família",Rio dos Bois,1
"Crédito Rural, Aposentadoria Rural",Riachinho,1
"Crédito Rural, Bolsa Família, Aposentadoria Rural",Bandeirantes do Tocantins,1
Bolsa Família,Paranã,1
Aposentadoria Rural,Rio Sono,1
"Crédito Rural, Compra Direta (PAA), Bolsa Família",Novo Acordo,1
"Crédito Rural, Fomento",Axixá do Tocantins,1
Merenda Escolar (PENAE),Santa Terezinha do Tocantins,1
"Compra Direta (PAA), Merenda Escolar (PENAE), Bolsa Família",Dianópolis,1
"Crédito Rural, Compra Direta (PAA), Merenda Escolar (PENAE)",Dianópolis,1
"Compra Direta (PAA), Bolsa Família",São Miguel do Tocantins,1
"Compra Direta (PAA), Aposentadoria Rural",Chapada da Natividade,1
"Crédito Rural, Compra Direta (PAA), Aposentadoria Rural",Gurupi,1
"Crédito Rural, Compra Direta (PAA), Merenda Escolar (PENAE), Aposentadoria Rural",Dianópolis,1
"Crédito Rural, Compra Direta (PAA), Merenda Escolar (PENAE), Bolsa Família, Aposentadoria Rural",Ipueiras,1
"Crédito Rural, Fomento",Rio dos Bois,1
"Crédito Rural, Fomento, Bolsa Família",Porto Alegre do Tocantins,1
Bolsa Família,Porto Alegre do Tocantins,1
"Crédito Rural, Merenda Escolar (PENAE)",Pium,1
"Crédito Rural, Compra Direta (PAA)",Araguaçu,1
Bolsa Família,Nova Olinda,1
"Compra Direta (PAA), Fomento",Santa Maria do Tocantins,1
"Crédito Rural, Fomento, PNCF",Novo Jardim,1
Aposentadoria Rural,dois Irmãos do Tocantins,1
Não,Riachinho,1
Bolsa Família,Sucupira,1
"Crédito Rural, Compra Direta (PAA), Aposentadoria Rural",Figueirópolis,1
"Crédito Rural, Bolsa Família, Aposentadoria Rural",Araguaçu,1
Não,Sítio Novo do Tocantins,1
Compra Direta (PAA),Tupirama,1
Crédito Rural,Figueirópolis,1
"Crédito Rural, Compra Direta (PAA)",Araguatins,1
"Crédito Rural, Aposentadoria Rural",Miranorte,1
"Crédito Rural, Bolsa Família",,1
"Crédito Rural, Compra Direta (PAA), Merenda Escolar (PENAE)",Paraíso do Tocantins,1
"Fomento, Aposentadoria Rural",Paranã,1
"Crédito Rural, Compra Direta (PAA), Merenda Escolar (PENAE), Fomento, Bolsa Família",Nova Rosalândia,1
"Crédito Rural, Compra Direta (PAA)",Peixe,1
"Crédito Rural, Compra Direta (PAA), Merenda Escolar (PENAE), Fomento",Santa Maria do Tocantins,1
"Crédito Rural, Compra Direta (PAA), Merenda Escolar (PENAE)",dois Irmãos do Tocantins,1
Não,Porto Nacional,1
CREDITO FUNDIÁRIO,Marianópolis do Tocantins,1
CAF,Monte do Carmo,1
"Compra Direta (PAA), Merenda Escolar (PENAE)",Paraíso do Tocantins,1
Não,Alvorada,1
"Compra Direta (PAA), Merenda Escolar (PENAE), Fomento, Bolsa Família",Pedro Afonso,1
Bolsa Família,Chapada da Natividade,1
"Crédito Rural, Bolsa Família",dois Irmãos do Tocantins,1
"Crédito Rural, Aposentadoria Rural",Pium,1
Aposentadoria Rural,dois Irmãos do Tocantins,1
Não,Pedro Afonso,1
Não,Barrolândia,1
"Compra Direta (PAA), Merenda Escolar (PENAE), BENEFICIO POR INVALIDEZ",Miranorte,1
Não,Filadélfia,1
Não,Luzinópolis,1
Crédito Rural,Miracema do Tocantins,1
Compra Direta (PAA),Nova Olinda,1
Oportunidade,darcinópolis,1
"Crédito Rural, Compra Direta (PAA), Merenda Escolar (PENAE), Bolsa Família",dois Irmãos do Tocantins,1
"Crédito Rural, Compra Direta (PAA), Aposentadoria Rural",Araguaína,1
OUTROS,Chapada da Natividade,1
"Compra Direta (PAA), Bolsa Família",Araguatins,1
"Crédito Rural, Compra Direta (PAA), Merenda Escolar (PENAE), Aposentadoria Rural",darcinópolis,1
Não,Porto Nacional,1
Fomento,Axixá do Tocantins,1
"Crédito Rural, Bolsa Família",Almas,1
"Aposentadoria Rural, Tarifa Social",Dianópolis,1
"Crédito Rural, Merenda Escolar (PENAE), Aposentadoria Rural",Couto Magalhães,1
"Crédito Rural, Compra Direta (PAA), Merenda Escolar (PENAE), Fomento, Bolsa Família, Aposentadoria Rural",Pedro Afonso,1
Não,Silvanópolis,1
Aposentadoria Rural,Barrolândia,1
Bolsa Família,Palmas,1
Crédito Rural,Silvanópolis,1
"Merenda Escolar (PENAE), Bolsa Família",Araguaína,1
"Crédito Rural, Compra Direta (PAA), Bolsa Família",Xambioá,1
"Crédito Rural, Compra Direta (PAA), Merenda Escolar (PENAE)",Talismã,1
"Merenda Escolar (PENAE), Bolsa Família",Tocantínia,1
Bolsa Família,Esperantina,1
"Compra Direta (PAA), Merenda Escolar (PENAE), Fomento, Bolsa Família",Nova Rosalândia,1
Não,Cristalândia,1
Crédito Rural,Palmeiras do Tocantins,1
Aposentadoria Rural,Araguaína,1
Não,Jaú do Tocantins,1
"Crédito Rural, Compra Direta (PAA), Merenda Escolar (PENAE)",Luzinópolis,1
Crédito Rural,Cachoeirinha,1
Bolsa Família,Marianópolis do Tocantins,1
Não,Miracema do Tocantins,1
